ACCOUNT,ACCOUNT_EXECUTIVE,ACCOUNT_LEVEL,CONTACT_EMAIL,COUNTRY,INDUSTRY,REGION
Abbot Industries,Zachery Whitney,Customer,abbot@email.com,France,Manufacturing,EMEA
Adabs Entertainment,Inga Lancaster,Customer,adabs@email.com,France,Entertainment and Media,EMEA
Adelu Motors,Mufutau Smith,Customer,adelu@email.com,Spain,Automotive,EMEA
Anaheim Home Solutions,Inga Lancaster,Customer,anaheim@email.com,France,Home Services,EMEA
Arcanmo,Caleb Combs,Prospect,arcanmo@email.com,Switzerland,Retail,EMEA
Audio Creative Partners,Teagan Frank,Customer,audio@email.com,United States,Entertainment and Media,NAM
Augusta Research,Riley Wiley,Customer,augusta@email.com,United States,Biotech and Pharmaceutical,NAM
Aurora Premier Home Design,Donovan Gardner,Prospect,aurora@email.com,United States,Home Services,NAM
Bailey & Barnes,Harrison Yang,Prospect,bailey@email.com,United Kingdom,Consulting,EMEA
Barrows Investment Group,Donovan Gardner,Customer,barrows@email.com,United States,Finance,NAM
Bayor Motors,Caryn Bright,Prospect,bayor@email.com,Japan,Automotive,APAC
Beck Entertainment,Cole Hartman,Customer,beck@email.com,Germany,Entertainment and Media,EMEA
Bernhard & Dooley,Teagan Frank,Customer,bernhard@email.com,United States,Consulting,NAM
Bingham-Wolf,Zachery Whitney,Prospect,bingham-wolf@email.com,France,Education,EMEA
Bode & Heilferty,Cole Hartman,Prospect,bode@email.com,Germany,Retail,EMEA
Bogu Media Inc.,Tyrone Hurst,Prospect,bogu@email.com,Germany,Entertainment and Media,EMEA
Booster BI Software,Leandra Ellison,Customer,booster@email.com,Germany,Technology,EMEA
Brookmas Inc.,Kai Rogers,Customer,brookmas@email.com,United States,Technology,NAM
Caftin Consulting,Inga Lancaster,Customer,caftin@email.com,France,Consulting,EMEA
Casper Health Solutions,Donovan Gardner,Customer,casper@email.com,United States,Healthcare,NAM
Cassinco,Cole Hartman,Prospect,cassinco@email.com,Germany,Technology,EMEA
Chaplin Media Group,Caleb Combs,Prospect,chaplin@email.com,Switzerland,Entertainment and Media,EMEA
Collins-Hampton Law Group,Gray Joyner,Customer,collins-hampton@email.com,United States,Law,NAM
Confroy Automotive,Barrett Griffin,Prospect,confroy@email.com,Portugal,Automotive,EMEA
Conn Restaurant Group,Chava Gutierrez,Prospect,conn@email.com,Austria,Hospitality,EMEA
Corwin Insurance Group,Cole Hartman,Customer,corwin@email.com,Germany,Insurance,EMEA
Crystal Retail Services,Kai Rogers,Customer,crystal@email.com,United States,Retail,NAM
Cudjoe Electronics,Megan Rosa,Customer,cudjoe@email.com,Sweden,Technology,EMEA
Curtim Financial Planning,Inga Lancaster,Prospect,curtim@email.com,France,Finance,EMEA
Dare Health Consulting,Teagan Frank,Prospect,dare@email.com,United States,Consulting,NAM
Darmori Advisory,Leslie Gentry,Customer,darmori@email.com,Argentina,Consulting,LATAM
Dashers Mobile,Inga Lancaster,Prospect,dashers@email.com,France,Technology,EMEA
Deckow's,Nasim Mayo,Customer,deckow's@email.com,Italy,Retail,EMEA
Deehan Distribution Services,Donovan Gardner,Customer,deehan@email.com,Mexico,Manufacturing,LATAM
Dibbert Investment Group,Dawn Boyer,Prospect,dibbert@email.com,Germany,Finance,EMEA
Discovero Research,Gray Joyner,Prospect,discovero@email.com,United States,Biotech and Pharmaceutical,NAM
Donnelly Travel Services,Inga Lancaster,Prospect,donnelly@email.com,France,Consulting,EMEA
Douglas Public Relations,Nasim Mayo,Customer,douglas@email.com,Italy,Entertainment and Media,EMEA
DressMe Collections,Wing Roberts,Prospect,dress@email.com,India,Retail,APAC
Dunn Premier Home Designs,Barrett Griffin,Prospect,dunn@email.com,Portugal,Home Services,EMEA
Dynamic Network Services,Leandra Ellison,Customer,dynamic@email.com,United States,Consulting,NAM
East Avenue Technology,Martha Dickerson,Customer,east@email.com,Australia,Technology,APAC
Edert Financial Group,Harrison Yang,Prospect,edert@email.com,United Kingdom,Finance,EMEA
Elevate Sportswear,Inga Lancaster,Customer,elevate@email.com,France,Retail,EMEA
Emmerich Telecommunications,Donovan Gardner,Customer,emmerich@email.com,United States,Technology,NAM
Excellerent Motors,Blake Malone,Prospect,excellerent@email.com,Spain,Automotive,EMEA
Explorers Advisory,Zachery Whitney,Prospect,explorers@email.com,France,Consulting,EMEA
Factor Graphics,Amanda Flores,Prospect,factor@email.com,Mexico,Entertainment and Media,LATAM
Fade Laboratories,Barrett Griffin,Prospect,fadel@email.com,Portugal,Biotech and Pharmaceutical,EMEA
FanTickets,Astra Santiago,Prospect,fantickets@email.com,Argentina,Entertainment and Media,LATAM
Farbey Banking Services,Ira Buchanan,Customer,farbey@email.com,Spain,Banking,EMEA
Fast Bank,Lester Brock,Customer,fast@email.com,United States,Banking,NAM
Feist Home Goods,Barrett Griffin,Prospect,feist@email.com,Germany,Retail,EMEA
Ferry Insurance Group,Cole Hartman,Customer,ferry@email.com,United States,Insurance,NAM
FirstChance Recruitment,Cole Hartman,Prospect,firstchance@email.com,Germany,Consulting,EMEA
Fishela Investments,Megan Rosa,Prospect,fishela@email.com,Sweden,Finance,EMEA
Flatley Financial Planning,Riley Wiley,Prospect,flatley@email.com,United States,Finance,NAM
Garfield Recruitment,Caleb Combs,Prospect,garfield@email.com,Switzerland,Consulting,EMEA
Gillette Entertainment,Hamish Blake,Customer,gillette@email.com,United States,Entertainment and Media,NAM
Glazer Home Sellers,Chava Gutierrez,Customer,glazer@email.com,Austria,Real Estate,EMEA
Glover Management Group,Harrison Yang,Prospect,glover@email.com,United Kingdom,Consulting,EMEA
Goldner Distribution,Dawn Boyer,Prospect,goldner@email.com,Germany,Manufacturing,EMEA
Greenfield Boutiques,Gray Joyner,Customer,greenfield@email.com,Argentina,Retail,LATAM
Hackett Investment Services,Caryn Bright,Customer,hackett@email.com,France,Finance,EMEA
Hannigan & Griff,Zachery Whitney,Customer,hannigan@email.com,France,Finance,EMEA
Hansong Wholesale,Martha Dickerson,Prospect,hansong@email.com,Australia,Retail,APAC
Hardey Training Solutions,Amanda Flores,Prospect,hardey@email.com,Mexico,Education,LATAM
Hartmann Leadership Consulting,Holmes Meadows,Prospect,hartmann@email.com,Germany,Consulting,EMEA
Hatch Sports,Megan Rosa,Prospect,hatch@email.com,Sweden,Retail,EMEA
Hauck Recreation Group,Rama Franco,Customer,hauck@email.com,Sweden,Hospitality,EMEA
Hegmann Consulting,Riley Wiley,Customer,hegmann@email.com,United States,Consulting,NAM
Herbert Accounting,Dawn Boyer,Customer,herbert@email.com,Japan,Finance,APAC
Herman Home Solutions,Zachery Whitney,Customer,herman@email.com,France,Home Services,EMEA
Herzog Loan Group,Kai Rogers,Customer,herzog@email.com,United States,Finance,NAM
Holmes Research Group,Martha Dickerson,Prospect,holmes@email.com,Australia,Biotech and Pharmaceutical,APAC
Homes & Horizons,Emily Wolfe,Prospect,homes@email.com,United States,Real Estate,NAM
Huel Real Estate,Martena Juarez,Prospect,huel@email.com,Spain,Real Estate,EMEA
Hyaft Consulting Group,Dawn Boyer,Prospect,hyaft@email.com,Germany,Consulting,EMEA
Indiso Entertainment,Holmes Meadows,Customer,indiso@email.com,Singapore,Entertainment and Media,APAC
Jiffy Jobs,Emily Wolfe,Customer,jiffy@email.com,United States,Consulting,NAM
JLG Gibson,Cole Hartman,Customer,jlg@email.com,Portugal,Finance,EMEA
Keebler Consulting,Cole Hartman,Customer,keebler@email.com,Germany,Consulting,EMEA
Keeling Place & Associates,Gray Joyner,Customer,keeling@email.com,United States,Law,NAM
Kemmer Recruiting Agency,Zachery Whitney,Customer,kemmer@email.com,France,Consulting,EMEA
Kessler-Langosh Consultants,Asher Ochoa,Customer,kessler-langosh@email.com,Korea,Consulting,APAC
Klein Financial Services,Teagan Frank,Customer,klein@email.com,United States,Finance,NAM
Kloss-Hammill Graphic Design,Emily Wolfe,Prospect,kloss-hammill@email.com,United States,Entertainment and Media,NAM
Kohler-Hills,Holmes Meadows,Customer,kohler-hills@email.com,Germany,Consulting,EMEA
Kozey Restaurant Group,Kai Rogers,Customer,kozey@email.com,United States,Hospitality,NAM
Kutcher & Sons Accounting Services,Caleb Combs,Customer,kutcher@email.com,Switzerland,Finance,EMEA
Larso Inventions Inc.,Donovan Gardner,Customer,larso@email.com,United States,Biotech and Pharmaceutical,NAM
Lowe Recreation,Astra Santiago,Prospect,lowe@email.com,Argentina,Hospitality,LATAM
Lynch Medical Providers,Emily Wolfe,Prospect,lynch@email.com,United States,Healthcare,NAM
Mable Home Services,Holmes Meadows,Prospect,mable@email.com,Germany,Home Services,EMEA
Madeway,Emily Wolfe,Customer,madeway@email.com,United States,Healthcare,NAM
Mallio and Sons,Caryn Bright,Prospect,mallio@email.com,Japan,Retail,APAC
Marco Meyers Inc.,Inga Lancaster,Customer,marcomeyers@email.com,France,Retail,EMEA
Marta Boyer Productions,Megan Rosa,Prospect,marta@email.com,Sweden,Entertainment and Media,EMEA
Marvetco,Inga Lancaster,Prospect,marvetco@email.com,France,Technology,EMEA
Maze IT Management,Gray Joyner,Prospect,maze@email.com,United States,Technology,NAM
McClure Wealth Management,Holmes Meadows,Customer,mcclure@email.com,Germany,Finance,EMEA
McCullough Advisory Firm,Emily Wolfe,Prospect,mccullough@email.com,Germany,Consulting,EMEA
McGlynn Insurance Group,Gray Joyner,Customer,mcglynn@email.com,United States,Insurance,NAM
McNamee IT Management,Holmes Meadows,Prospect,mcnamee@email.com,Germany,Technology,EMEA
Mertz Rentals,Caryn Bright,Prospect,mertz@email.com,Japan,Hospitality,APAC
Mewis Media,Emily Wolfe,Customer,mewis@email.com,United States,Entertainment and Media,NAM
Midwest Marketing Group,Mufutau Smith,Prospect,midwest@email.com,United States,Consulting,NAM
MilaMart,Gray Joyner,Customer,milamart@email.com,United States,Retail,NAM
Mills-Wilderman Inc.,Emily Wolfe,Prospect,mills-wilderman@email.com,United States,Retail,NAM
Mitchell-Grady Insurance,Odette Vaughan,Prospect,mitchell-grady@email.com,United States,Insurance,NAM
Mitcho Inc.,Dawn Boyer,Prospect,mitcho@email.com,Germany,Retail,EMEA
Monaghan & Meyers,Gray Joyner,Customer,monaghan@email.com,United States,Consulting,NAM
Morgan-Gutman,Cole Hartman,Customer,morgan-gutman@email.com,United States,Law,NAM
Mountano Healthcare,Donovan Gardner,Customer,mountano@email.com,United States,Healthcare,NAM
Mraz Medical Group,Barrett Griffin,Prospect,mraz@email.com,Portugal,Healthcare,EMEA
Muller Restaurant Group,Teagan Frank,Customer,muller@email.com,United States,Hospitality,NAM
Murray Home & Lawn,Wing Roberts,Customer,murray@email.com,Singapore,Home Services,APAC
Nalero Inc.,Nasim Mayo,Prospect,nalero@email.com,Italy,Retail,EMEA
Newtun Laboratories,Teagan Frank,Customer,newtun@email.com,United States,Biotech and Pharmaceutical,NAM
Nolan Sun Solutions,Inga Lancaster,Prospect,nolan@email.com,France,Manufacturing,EMEA
North City Banking Services,Holmes Meadows,Prospect,north@email.com,Germany,Banking,EMEA
O'Connor Audit Group,Caryn Bright,Prospect,o'connor@email.com,Japan,Consulting,APAC
O'Hara Medical Group,Caleb Combs,Prospect,o'hara@email.com,Switzerland,Healthcare,EMEA
Olson Creative Partners,Caleb Combs,Customer,olson@email.com,Switzerland,Entertainment and Media,EMEA
Orange Communications,Cole Hartman,Customer,orange@email.com,Germany,Technology,EMEA
Padberg Health Recruiting,Holly Kirby,Prospect,padberg@email.com,Argentina,Consulting,LATAM
Palgon Automotive,Calista Johns,Prospect,palgon@email.com,United States,Automotive,NAM
Parkmall Pharmaceuticals,Inga Lancaster,Prospect,parkmall@email.com,France,Biotech and Pharmaceutical,EMEA
Patch Hospitality,Mufutau Smith,Prospect,patch@email.com,United States,Hospitality,NAM
Press Health,Cole Hartman,Prospect,press@email.com,United States,Healthcare,NAM
Quigley Equipment Rental,Emily Wolfe,Prospect,quigley@email.com,United States,Home Services,NAM
Quitzon Medical Network,Inga Lancaster,Prospect,quitzon@email.com,France,Healthcare,EMEA
Raptor Unlimited,Cole Hartman,Customer,raptor@email.com,United States,Retail,NAM
Raven Networks,Leandra Ellison,Customer,raven@email.com,United States,Education,NAM
Raynor & Co.,Yuli Stein,Prospect,raynor@email.com,Mexico,Technology,LATAM
Reidwo Consulting,Harrison Yang,Customer,reidwo@email.com,Australia,Consulting,APAC
Right Pick Real Estate Group,Barrett Griffin,Prospect,right@email.com,Portugal,Real Estate,EMEA
Robin Geoservices,Caryn Bright,Prospect,robin@email.com,Japan,Technology,APAC
Rodan Industries,Yuli Stein,Prospect,rodan@email.com,Mexico,Manufacturing,LATAM
Rodrigo Capital Investment,Cole Hartman,Customer,rodrigo@email.com,United States,Finance,NAM
Rolfe Insurance,Gray Joyner,Customer,rolfe@email.com,United States,Insurance,NAM
Rowe Creative Group,Donovan Gardner,Customer,rowe@email.com,France,Entertainment and Media,EMEA
Ruecker Manufacturing,Teagan Frank,Customer,ruecker@email.com,United States,Manufacturing,NAM
Ruther BI,Holly Kirby,Customer,ruther@email.com,United States,Technology,NAM
Samster Navigation,Emily Wolfe,Customer,samster@email.com,United States,Technology,NAM
Sanchez Real Estate,Gray Joyner,Customer,sanchez@email.com,United States,Real Estate,NAM
Sapphire Electronics,Cole Hartman,Prospect,sapphire@email.com,Germany,Technology,EMEA
Schimmel Motors,Xander Reed,Customer,schimmel@email.com,United States,Automotive,NAM
Schinner Management,Gray Joyner,Customer,schinner@email.com,United States,Consulting,NAM
Schmedt Investment,Barrett Griffin,Customer,schmedt@email.com,Portugal,Finance,EMEA
Schuler & Frank,Holmes Meadows,Prospect,schuler@email.com,Germany,Consulting,EMEA
Shields Clothing,Holly Kirby,Customer,shields@email.com,United States,Retail,NAM
Shoppers FastMart,Ora Carver,Prospect,shoppers@email.com,Portugal,Retail,EMEA
Silva Bank,Blake Malone,Prospect,silva@email.com,Spain,Banking,EMEA
Simonas,Dawn Boyer,Customer,simonas@email.com,Germany,Retail,EMEA
Smith First Response Services,Holmes Meadows,Prospect,smith@email.com,Germany,Home Services,EMEA
Smithfield Health,Inga Lancaster,Prospect,smithfield@email.com,France,Healthcare,EMEA
Soneyworks,Ira Buchanan,Customer,soneyworks@email.com,Spain,Entertainment and Media,EMEA
Sonif Electronics,Inga Lancaster,Customer,sonif@email.com,France,Technology,EMEA
Speed Specialty Foods,Grace Burris,Customer,speed@email.com,Korea,Hospitality,APAC
Spencel Consulting,Zachery Whitney,Customer,spencel@email.com,France,Consulting,EMEA
Stanton's Inc.,Calista Johns,Customer,stanton's@email.com,Germany,Retail,EMEA
Stokes Communications,Barrett Griffin,Customer,stokes@email.com,Portugal,Technology,EMEA
Stracke & Sons,Dawn Boyer,Prospect,stracke@email.com,Germany,Law,EMEA
Strofan Consulting,Riley Wiley,Customer,strofan@email.com,United States,Consulting,NAM
Surpristo Co.,Chava Gutierrez,Prospect,surpristo@email.com,Austria,Entertainment and Media,EMEA
Surry Systems,Gray Joyner,Customer,surry@email.com,United States,Home Services,NAM
Swifty Loans,Cole Hartman,Customer,swifty@email.com,United States,Finance,NAM
The Champlim Group,Holmes Meadows,Prospect,the@email.com,Germany,Consulting,EMEA
The Jamell Group,Teagan Frank,Customer,the@email.com,United States,Law,NAM
The Lockman Group,Harrison Yang,Prospect,the@email.com,United Kingdom,Law,EMEA
The Robel Group,Dawn Boyer,Prospect,the@email.com,Germany,Law,EMEA
Thomas & Lenke Analysts,Zachery Whitney,Prospect,thomas@email.com,France,Consulting,EMEA
Thompson Superstores,Riley Wiley,Customer,thompson@email.com,Austria,Retail,EMEA
Thunder Hospitality Services,Haviva Lester,Customer,thunder@email.com,United States,Hospitality,NAM
Togan Industries,Donovan Gardner,Customer,togan@email.com,United States,Manufacturing,NAM
Torpono Inc.,Kai Rogers,Customer,torpono@email.com,United States,Retail,NAM
Trantow Automotive Parts,Gray Joyner,Customer,trantow@email.com,Germany,Automotive,EMEA
Tremblay Law Group,Zachery Whitney,Customer,tremblay@email.com,France,Law,EMEA
Tresofy,Megan Rosa,Prospect,tresofy@email.com,Sweden,Technology,EMEA
Triangle Interiors,Martha Dickerson,Prospect,triangle@email.com,Australia,Home Services,APAC
Trophy Software,Holmes Meadows,Customer,trophy@email.com,Germany,Technology,EMEA
Tropical Palace Hospitality,Teagan Frank,Prospect,tropical@email.com,United States,Hospitality,NAM
Unified Motor Group,Donovan Gardner,Customer,unified@email.com,United States,Automotive,NAM
Unlimited Fashion Services,Dawn Boyer,Prospect,unlimited@email.com,Germany,Retail,EMEA
Upton-Hammes Law,Zachery Whitney,Customer,upton-hammes@email.com,France,Law,EMEA
Venes Laboratories,Chava Gutierrez,Customer,venes@email.com,Austria,Biotech and Pharmaceutical,EMEA
Ventala Inc.,Emily Wolfe,Customer,ventala@email.com,Austria,Technology,EMEA
